{"type":"Topology","arcs":[[[6367,3670],[-3,-198]],[[6364,3472],[-189,-623]],[[6175,2849],[37,-243],[-782,-669],[-977,-172]],[[4453,1765],[-392,224],[-1332,69],[-155,186]],[[2574,2244],[-334,561],[-4,582],[798,618],[368,69],[865,-307],[508,393]],[[4775,4160],[535,-6],[1057,-484]],[[4047,5071],[143,-711],[585,-200]],[[2574,2244],[-465,-285],[-507,41],[-751,-204],[-15,354],[-577,108],[-259,380],[158,885],[-47,1448],[802,301]],[[913,5272],[1197,-161],[763,249],[1057,-93],[117,-196]],[[3161,7540],[350,-465],[493,296],[713,41],[345,-375],[1,-20],[-14,-140],[42,-26],[-306,-884]],[[4785,5967],[-738,-896]],[[913,5272],[-558,1195],[505,119],[839,1104],[739,-408],[723,258]],[[9811,7790],[-204,-1067]],[[9607,6723],[-447,197]],[[9160,6920],[-745,812]],[[8415,7732],[1396,58]],[[4785,5967],[953,-251]],[[5738,5716],[1072,-788]],[[6810,4928],[299,-62]],[[7109,4866],[356,-556]],[[7465,4310],[-395,-430]],[[7070,3880],[-146,-44]],[[6924,3836],[-557,-166]],[[8314,4632],[202,-906]],[[8516,3726],[-796,255],[-255,329]],[[7109,4866],[409,200]],[[7518,5066],[460,76]],[[7978,5142],[336,-510]],[[6175,2849],[485,-824],[580,179]],[[7240,2204],[-28,-1100],[-773,-891],[-613,-213],[-406,418],[-141,654],[-363,35],[-463,658]],[[7788,5389],[190,-247]],[[7518,5066],[270,323]],[[7312,3043],[-364,314]],[[6948,3357],[0,7]],[[6948,3364],[1,3],[12,17],[25,35],[66,107],[52,102],[-180,208]],[[7070,3880],[644,-534],[-402,-303]],[[6948,3364],[-584,108]],[[6948,3364],[0,-7]],[[7312,3043],[-21,-815]],[[7291,2228],[-51,-24]],[[8516,3726],[-500,-427],[155,-328],[-880,-743]],[[7715,5814],[73,-425]],[[6810,4928],[385,184],[314,715]],[[7509,5827],[206,-13]],[[8363,8558],[52,-826]],[[9160,6920],[-408,-160]],[[8752,6760],[-749,256]],[[8003,7016],[-307,196],[-95,794]],[[7601,8006],[652,247],[110,305]],[[5738,5716],[653,591],[-124,1221],[247,593]],[[6514,8121],[365,-187],[722,72]],[[8003,7016],[-418,-111],[-76,-1078]],[[3161,7540],[40,501],[547,1150],[306,393],[1192,415],[121,-276],[-472,-868],[1031,-347],[588,-387]],[[8363,8558],[565,-401],[719,-109],[164,-258]],[[8926,5669],[-30,-347],[-587,-263],[5,-427]],[[7715,5814],[463,-34]],[[8178,5780],[748,-111]],[[9607,6723],[392,-607],[-637,-326],[-276,120]],[[9086,5910],[-444,457]],[[8642,6367],[110,393]],[[8642,6367],[-464,-587]],[[9086,5910],[-160,-241]]],"transform":{"scale":[0.00002087652713266993,0.000018765844095460596],"translate":[126.651658607748,35.070907218750996]},"objects":{"24050":{"type":"GeometryCollection","geometries":[{"arcs":[[0,1,2,3,4,5]],"type":"Polygon","properties":{"base_year":"2024","name":"평동","code":"24050660"}},{"arcs":[[6,-5,7,8]],"type":"Polygon","properties":{"base_year":"2024","name":"삼도동","code":"24050670"}},{"arcs":[[9,10,-9,11]],"type":"Polygon","properties":{"base_year":"2024","name":"본량동","code":"24050519"}},{"arcs":[[12,13,14,15]],"type":"Polygon","properties":{"base_year":"2024","name":"첨단2동","code":"24050516"}},{"arcs":[[-6,-7,-11,16,17,18,19,20,21,22]],"type":"Polygon","properties":{"base_year":"2024","name":"어룡동","code":"24050514"}},{"arcs":[[23,24,-20,25,26,27]],"type":"Polygon","properties":{"base_year":"2024","name":"우산동","code":"24050580"}},{"arcs":[[28,29,-3]],"type":"Polygon","properties":{"base_year":"2024","name":"동곡동","code":"24050650"}},{"arcs":[[30,-27,31]],"type":"Polygon","properties":{"base_year":"2024","name":"월곡1동","code":"24050590"}},{"arcs":[[32,33,34,-22,35]],"type":"Polygon","properties":{"base_year":"2024","name":"송정1동","code":"24050511"}},{"arcs":[[-35,36,-1,-23]],"type":"Polygon","properties":{"base_year":"2024","name":"송정2동","code":"24050512"}},{"arcs":[[37,-33,38,39,-29,-2,-37]],"type":"Polygon","properties":{"base_year":"2024","name":"도산동","code":"24050540"}},{"arcs":[[40,-39,-36,-21,-25]],"type":"Polygon","properties":{"base_year":"2024","name":"신흥동","code":"24050513"}},{"arcs":[[41,-32,-26,-19,42,43]],"type":"Polygon","properties":{"base_year":"2024","name":"월곡2동","code":"24050600"}},{"arcs":[[44,-15,45,46,47,48]],"type":"Polygon","properties":{"base_year":"2024","name":"비아동","code":"24050515"}},{"arcs":[[-18,49,50,-48,51,-43]],"type":"Polygon","properties":{"base_year":"2024","name":"하남동","code":"24050630"}},{"arcs":[[52,-50,-17,-10]],"type":"Polygon","properties":{"base_year":"2024","name":"임곡동","code":"24050518"}},{"arcs":[[-16,-45,53]],"type":"Polygon","properties":{"base_year":"2024","name":"첨단1동","code":"24050690"}},{"arcs":[[54,-28,-31,-42,55,56]],"type":"Polygon","properties":{"base_year":"2024","name":"운남동","code":"24050710"}},{"arcs":[[57,58,59,-46,-14]],"type":"Polygon","properties":{"base_year":"2024","name":"신창동","code":"24050521"}},{"arcs":[[-47,-60,60,-56,-44,-52]],"type":"Polygon","properties":{"base_year":"2024","name":"수완동","code":"24050517"}},{"arcs":[[61,-57,-61,-59]],"type":"Polygon","properties":{"base_year":"2024","name":"신가동","code":"24050740"}}]}}}