{"type":"Topology","arcs":[[[7777,2141],[183,-327],[359,-236],[335,256],[174,-26],[254,-430],[297,147],[589,86]],[[9968,1611],[31,-496],[-384,-34],[-379,-147],[-2,-249],[-670,-270],[-417,-415],[-663,389],[-86,356],[-427,660],[-264,164]],[[6707,1569],[-36,381]],[[6671,1950],[181,276],[327,269],[379,-125],[219,-229]],[[8739,5510],[-515,-446],[-345,-449],[-338,354],[-309,4],[-3,-291],[-349,-116],[472,-482],[-22,-454]],[[7330,3630],[-59,-231],[-425,227],[-328,48],[-300,-295],[-156,236],[-15,568]],[[6047,4183],[67,565],[-88,99]],[[6026,4847],[67,246],[368,404],[352,155],[-158,231],[192,378],[-39,846],[31,542]],[[6839,7649],[708,-160],[715,-356],[-31,-297],[312,-709],[-17,-303],[213,-314]],[[4753,6416],[114,-133],[-70,-592]],[[4797,5691],[-110,-43],[-259,-812]],[[4428,4836],[-313,-566]],[[4115,4270],[-604,521],[-309,-133]],[[3202,4658],[-92,554],[-538,1115],[-549,730]],[[2023,7057],[1304,561],[262,-53],[8,-289],[331,-240],[132,-333],[693,-287]],[[5176,7887],[66,-476],[-64,-415],[-456,-436],[31,-144]],[[2023,7057],[-675,154]],[[1348,7211],[-403,805],[163,156],[-159,307],[589,1346],[212,174],[483,-183],[236,-540],[286,-240],[352,16],[107,-205],[502,-210],[1170,-691],[290,-59]],[[105,9994],[116,-224],[273,126],[144,-234],[-96,-306],[-532,-60],[-10,380],[105,318]],[[9621,3424],[-915,29],[-154,-408],[-362,-281],[-230,273]],[[7960,3037],[-258,89],[-372,504]],[[8739,5510],[252,-62],[40,-588],[165,-418],[536,-267],[-111,-751]],[[6026,4847],[-476,413],[-277,110],[-336,-110],[-140,431]],[[5176,7887],[780,-32],[546,30],[337,-236]],[[5575,4233],[-7,-302]],[[5568,3931],[-311,314],[-186,-67],[-373,171],[-27,440]],[[4671,4789],[420,-218],[127,309],[214,-119],[-50,-317],[193,-211]],[[6047,4183],[-179,-107],[-293,157]],[[4671,4789],[-243,47]],[[2142,3106],[-122,158],[-16,470],[-251,8],[-561,324],[5,446],[353,1324],[13,232],[-215,1143]],[[3202,4658],[-363,-556],[-491,-238],[256,-480],[-462,-278]],[[4115,4270],[47,-413],[166,-191],[24,-570],[-372,-597]],[[3980,2499],[-89,184],[-390,-413],[-177,117],[-266,-134],[-669,62],[-180,276],[-67,515]],[[5482,3585],[62,-550],[156,-523],[253,-524],[-8,0],[89,-142],[390,-86],[247,190]],[[6707,1569],[-424,-154],[-25,-447],[-415,-33],[-364,-418],[-243,303],[-43,231],[-490,869]],[[4703,1920],[-1,301],[-219,427],[663,474],[336,463]],[[5482,3585],[86,346]],[[7960,3037],[-137,-127],[133,-381],[-179,-388]],[[9621,3424],[-73,-962],[420,-851]],[[4703,1920],[-211,-71],[-448,263],[-64,387]]],"transform":{"scale":[0.000043424250482414524,0.00003100768100663956],"translate":[126.42229404423412,36.75487669631195]},"objects":{"34080":{"type":"GeometryCollection","geometries":[{"arcs":[[0,1,2,3]],"type":"Polygon","properties":{"base_year":"2024","name":"합덕읍","code":"34080110"}},{"arcs":[[4,5,6,7,8]],"type":"Polygon","properties":{"base_year":"2024","name":"송악읍","code":"34080120"}},{"arcs":[[9,10,11,12,13,14]],"type":"Polygon","properties":{"base_year":"2024","name":"고대면","code":"34080310"}},{"arcs":[[[15,-15,16,17]],[[18]]],"type":"MultiPolygon","properties":{"base_year":"2024","name":"석문면","code":"34080320"}},{"arcs":[[19,20,-5,21]],"type":"Polygon","properties":{"base_year":"2024","name":"신평면","code":"34080380"}},{"arcs":[[-8,22,-10,-16,23]],"type":"Polygon","properties":{"base_year":"2024","name":"송산면","code":"34080390"}},{"arcs":[[24,25,26]],"type":"Polygon","properties":{"base_year":"2024","name":"당진1동","code":"34080510"}},{"arcs":[[-7,27,-27,28,-11,-23]],"type":"Polygon","properties":{"base_year":"2024","name":"당진3동","code":"34080530"}},{"arcs":[[29,-17,-14,30]],"type":"Polygon","properties":{"base_year":"2024","name":"대호지면","code":"34080330"}},{"arcs":[[31,32,-31,-13]],"type":"Polygon","properties":{"base_year":"2024","name":"정미면","code":"34080340"}},{"arcs":[[33,-3,34,35]],"type":"Polygon","properties":{"base_year":"2024","name":"면천면","code":"34080350"}},{"arcs":[[36,-25,-28,-6,-21,37,-4,-34]],"type":"Polygon","properties":{"base_year":"2024","name":"순성면","code":"34080360"}},{"arcs":[[38,-1,-38,-20]],"type":"Polygon","properties":{"base_year":"2024","name":"우강면","code":"34080370"}},{"arcs":[[-26,-37,-36,39,-32,-12,-29]],"type":"Polygon","properties":{"base_year":"2024","name":"당진2동","code":"34080520"}}]}}}