{"type":"Topology","arcs":[[[1543,7860],[357,-719],[499,35],[140,-499]],[[2539,6677],[-357,-1019]],[[2182,5658],[-683,442],[-574,29],[-299,402],[-626,332],[167,616],[694,447],[682,-66]],[[3625,9464],[-125,-837],[1179,-946]],[[4679,7681],[-573,-234],[-318,-487],[-377,-10],[-514,-542],[-358,269]],[[1543,7860],[702,326],[91,837],[604,976],[685,-535]],[[5387,1316],[-34,-283]],[[5353,1033],[-385,-488]],[[4968,545],[-323,441]],[[4645,986],[14,62]],[[4659,1048],[362,532]],[[5021,1580],[366,-264]],[[5835,458],[-489,-458],[-378,545]],[[5353,1033],[482,-575]],[[5462,1671],[1,-74]],[[5463,1597],[-76,-281]],[[5021,1580],[0,4]],[[5021,1584],[-49,137]],[[4972,1721],[303,203]],[[5275,1924],[187,-253]],[[7964,2274],[-343,-569]],[[7621,1705],[-579,434],[-543,-259]],[[6499,1880],[-472,260]],[[6027,2140],[-287,157]],[[5740,2297],[154,618]],[[5894,2915],[631,255],[294,-423],[1145,-473]],[[5878,2915],[16,0]],[[5740,2297],[-195,-3]],[[5545,2294],[-183,-57]],[[5362,2237],[-119,-49]],[[5243,2188],[-437,197]],[[4806,2385],[30,559]],[[4836,2944],[535,-377],[507,348]],[[4385,3092],[66,-734]],[[4451,2358],[324,-200]],[[4775,2158],[36,-176]],[[4811,1982],[-395,-360]],[[4416,1622],[243,-574]],[[4645,986],[-608,-116],[-602,531],[-68,311],[456,668],[-244,238],[157,1036]],[[3736,3654],[220,90],[429,-652]],[[8101,1476],[-480,229]],[[7964,2274],[168,417],[-179,532],[58,599],[652,295]],[[8663,4117],[464,548],[324,-215],[369,-994],[-89,-1085],[268,-750],[-928,168],[-534,-32],[-436,-281]],[[5263,1965],[12,-41]],[[4972,1721],[-161,261]],[[4775,2158],[488,-193]],[[6632,6529],[-1335,573],[-366,-227]],[[4931,6875],[-252,806]],[[3625,9464],[416,-488],[683,558],[728,-341],[588,-1307],[833,-770],[-241,-587]],[[6632,6529],[35,-392],[383,-382],[162,-529]],[[7212,5226],[52,-380],[-430,-435],[-164,-916],[-750,-67]],[[5920,3428],[-602,1413]],[[5318,4841],[-418,1290],[31,744]],[[5318,4841],[-962,580],[-1013,-258],[86,-501],[-468,9]],[[2961,4671],[-568,-21],[34,786],[-245,222]],[[4836,2944],[-451,148]],[[3736,3654],[-449,51],[-44,766],[-282,200]],[[5920,3428],[-42,-513]],[[7212,5226],[878,542],[573,-1651]],[[5545,2294],[-86,-274]],[[5459,2020],[-97,217]],[[8101,1476],[-376,-1173],[-819,387]],[[6906,690],[118,432],[-525,758]],[[6906,690],[-758,316]],[[6148,1006],[27,688]],[[6175,1694],[-148,446]],[[4806,2385],[-355,-27]],[[5459,2020],[3,-349]],[[5263,1965],[-20,223]],[[5021,1584],[-605,38]],[[6175,1694],[-712,-97]],[[6148,1006],[-313,-548]]],"transform":{"scale":[0.000042728946074241885,0.00003019158557867016],"translate":[128.1327798948553,36.06058117160303]},"objects":{"37050":{"type":"GeometryCollection","geometries":[{"arcs":[[0,1,2]],"type":"Polygon","properties":{"base_year":"2024","name":"무을면","code":"37050310"}},{"arcs":[[3,4,-1,5]],"type":"Polygon","properties":{"base_year":"2024","name":"옥성면","code":"37050320"}},{"arcs":[[6,7,8,9,10,11]],"type":"Polygon","properties":{"base_year":"2024","name":"상모사곡동","code":"37050670"}},{"arcs":[[12,-8,13]],"type":"Polygon","properties":{"base_year":"2024","name":"임오동","code":"37050690"}},{"arcs":[[14,15,-12,16,17,18,19]],"type":"Polygon","properties":{"base_year":"2024","name":"광평동","code":"37050660"}},{"arcs":[[20,21,22,23,24,25]],"type":"Polygon","properties":{"base_year":"2024","name":"양포동","code":"37050720"}},{"arcs":[[26,-25,27,28,29,30,31,32]],"type":"Polygon","properties":{"base_year":"2024","name":"지산동","code":"37050560"}},{"arcs":[[33,34,35,36,37,-10,38,39]],"type":"Polygon","properties":{"base_year":"2024","name":"선주원남동","code":"37050570"}},{"arcs":[[40,-21,41,42]],"type":"Polygon","properties":{"base_year":"2024","name":"장천면","code":"37050360"}},{"arcs":[[43,-19,44,-36,45]],"type":"Polygon","properties":{"base_year":"2024","name":"송정동","code":"37050510"}},{"arcs":[[46,47,-4,48]],"type":"Polygon","properties":{"base_year":"2024","name":"도개면","code":"37050330"}},{"arcs":[[49,50,51,52,-47]],"type":"Polygon","properties":{"base_year":"2024","name":"해평면","code":"37050340"}},{"arcs":[[-48,-53,53,54,-2,-5]],"type":"Polygon","properties":{"base_year":"2024","name":"선산읍","code":"37050110"}},{"arcs":[[55,-40,56,-54,-52,57,-33]],"type":"Polygon","properties":{"base_year":"2024","name":"고아읍","code":"37050120"}},{"arcs":[[-42,-26,-27,-58,-51,58]],"type":"Polygon","properties":{"base_year":"2024","name":"산동읍","code":"37050130"}},{"arcs":[[59,60,-29]],"type":"Polygon","properties":{"base_year":"2024","name":"신평2동","code":"37050620"}},{"arcs":[[-41,61,62,-22]],"type":"Polygon","properties":{"base_year":"2024","name":"인동동","code":"37050700"}},{"arcs":[[-63,63,64,65,-23]],"type":"Polygon","properties":{"base_year":"2024","name":"진미동","code":"37050710"}},{"arcs":[[-32,66,-34,-56]],"type":"Polygon","properties":{"base_year":"2024","name":"도량동","code":"37050550"}},{"arcs":[[67,-20,-44,68,-30,-61]],"type":"Polygon","properties":{"base_year":"2024","name":"신평1동","code":"37050610"}},{"arcs":[[-45,-18,69,-37]],"type":"Polygon","properties":{"base_year":"2024","name":"형곡1동","code":"37050590"}},{"arcs":[[-17,-11,-38,-70]],"type":"Polygon","properties":{"base_year":"2024","name":"형곡2동","code":"37050600"}},{"arcs":[[-24,-66,70,-15,-68,-60,-28]],"type":"Polygon","properties":{"base_year":"2024","name":"비산동","code":"37050730"}},{"arcs":[[71,-14,-7,-16,-71,-65]],"type":"Polygon","properties":{"base_year":"2024","name":"공단동","code":"37050740"}},{"arcs":[[-31,-69,-46,-35,-67]],"type":"Polygon","properties":{"base_year":"2024","name":"원평동","code":"37050750"}}]}}}