{"type":"Topology","arcs":[[[7310,8770],[-332,-654],[227,-20],[-176,-984],[-846,248],[-48,-266],[-361,23],[6,87],[-695,-134],[407,-1069],[28,-535],[173,89],[351,-697],[-47,-139],[381,-372],[477,-225],[-153,-531],[627,-212]],[[7329,3379],[-112,-531],[136,-92],[-209,-128],[100,-148],[-100,-74],[69,-147],[-131,-52]],[[7082,2207],[45,171],[-216,102],[178,198],[-572,271],[110,385],[-386,180],[110,385],[-722,265],[-276,238],[-182,218],[92,69],[-61,303],[-281,255],[-396,-212],[-242,83],[-268,-109],[-316,-396],[54,-631]],[[3753,3982],[-1005,157]],[[2748,4139],[-490,641],[-381,-108],[-224,323],[236,287],[82,503],[-272,157],[-61,334],[-92,15],[194,594],[-249,262],[-623,211],[-154,289],[-284,-171],[-320,155],[-110,419],[77,518],[379,54],[795,-392],[578,-155],[112,69],[125,-154],[301,36],[522,-327],[382,583],[26,826],[360,458],[617,298],[626,-324],[46,355],[199,104],[7,-152],[464,-20],[83,-539],[387,-632],[-8,-456],[198,-216],[352,108],[-6,366],[207,347],[481,-35]],[[7310,8770],[365,472],[465,-470],[846,-155],[162,-203],[261,427],[590,-568],[-75,-204],[33,-467],[-166,645],[-67,-518],[-189,-140],[65,-174],[-103,84],[-500,-365],[-92,-322],[112,-114],[-188,-12],[123,-175],[-140,-247],[-102,115],[-15,-165],[-203,-158],[-106,316],[-68,-79],[280,-1091],[-191,268],[-131,-311],[-223,-160],[125,-158],[-67,-73],[-545,-14],[39,-86],[-192,-124],[157,-82],[-60,-134],[77,-117],[-238,-320],[161,-120],[-169,-17],[68,-120],[-80,-255]],[[7082,2207],[87,-191],[-100,-4]],[[7069,2012],[-1448,83]],[[5621,2095],[90,888],[-783,-383]],[[4928,2600],[20,130],[-237,69]],[[4711,2799],[-694,1132],[-264,51]],[[4722,1504],[10,151]],[[4732,1655],[42,650],[154,295]],[[5621,2095],[-78,-678],[-821,87]],[[2151,2604],[183,-232],[384,-8],[250,-430],[282,-172],[1,-202]],[[3251,1560],[89,-928]],[[3340,632],[-1451,-24],[-166,785],[-276,452],[205,581]],[[1652,2426],[499,178]],[[3340,632],[78,1],[-34,-602]],[[3384,31],[-2665,-31],[-144,374],[-56,637],[-351,75],[59,569],[714,135],[149,746],[392,106],[170,-216]],[[4207,2835],[-41,-1025]],[[4166,1810],[-742,20],[19,-101],[-192,-169]],[[2151,2604],[175,138],[-120,297],[228,223]],[[2434,3262],[587,-355],[1186,-72]],[[4711,2799],[-504,36]],[[2434,3262],[314,877]],[[4732,1655],[-566,155]],[[4722,1504],[-108,-597],[14,-860]],[[4628,47],[-652,-8]],[[3976,39],[-65,853],[244,131],[11,787]],[[3976,39],[-592,-8]],[[7069,2012],[-34,-1940],[-2407,-25]]],"transform":{"scale":[0.000011264979487851786,0.000007013546969238087],"translate":[126.68105691506614,37.523574222934734]},"objects":{"23070":{"type":"GeometryCollection","geometries":[{"arcs":[[0,1,2,3,4]],"type":"Polygon","properties":{"base_year":"2024","name":"계양1동","code":"23070630"}},{"arcs":[[-1,5]],"type":"Polygon","properties":{"base_year":"2024","name":"계양3동","code":"23070640"}},{"arcs":[[6,7,8,9,10,-3]],"type":"Polygon","properties":{"base_year":"2024","name":"계양2동","code":"23070610"}},{"arcs":[[11,12,-9,13]],"type":"Polygon","properties":{"base_year":"2024","name":"계산4동","code":"23070620"}},{"arcs":[[14,15,16,17]],"type":"Polygon","properties":{"base_year":"2024","name":"효성1동","code":"23070510"}},{"arcs":[[-17,18,19]],"type":"Polygon","properties":{"base_year":"2024","name":"효성2동","code":"23070520"}},{"arcs":[[20,21,-15,22,23]],"type":"Polygon","properties":{"base_year":"2024","name":"계산1동","code":"23070530"}},{"arcs":[[-11,24,-24,25,-4]],"type":"Polygon","properties":{"base_year":"2024","name":"계산2동","code":"23070540"}},{"arcs":[[26,-21,-25,-10,-13]],"type":"Polygon","properties":{"base_year":"2024","name":"계산3동","code":"23070550"}},{"arcs":[[-12,27,28,29,-27]],"type":"Polygon","properties":{"base_year":"2024","name":"작전1동","code":"23070560"}},{"arcs":[[-30,30,-19,-16,-22]],"type":"Polygon","properties":{"base_year":"2024","name":"작전2동","code":"23070570"}},{"arcs":[[31,-28,-14,-8]],"type":"Polygon","properties":{"base_year":"2024","name":"작전서운동","code":"23070580"}}]}}}