{"type":"Topology","arcs":[[[3337,6147],[268,-198],[50,123],[234,-13],[68,-334],[-55,-343],[139,-96]],[[4041,5286],[24,-264]],[[4065,5022],[-34,-560],[249,-327],[-60,-74],[292,-260],[176,72]],[[4688,3873],[67,-382],[-260,-61],[-92,-590],[-309,-105]],[[4094,2735],[-634,659],[-165,331],[-307,121],[50,312],[-256,46],[-110,235],[-251,14],[-98,102],[-302,675],[-225,-89],[-612,35]],[[1184,5176],[-139,92],[-138,548]],[[907,5816],[253,95],[37,209],[208,153],[468,174],[252,7],[143,-255],[522,-142],[144,-238],[102,56],[31,236],[270,36]],[[2847,7041],[220,-225],[-41,-420],[311,-249]],[[907,5816],[-805,489],[11,573],[474,427],[-178,442],[-242,116],[-90,192],[81,296],[140,137],[570,142],[350,-167],[321,25],[233,-985],[247,-188],[248,-23],[162,-195],[418,-56]],[[5509,7730],[-243,-287],[-52,-322],[207,-438],[-94,-138],[107,-344],[-100,-304],[-305,-131],[-272,172],[-245,-32],[-40,-151],[-185,-46],[-14,-337],[-232,-86]],[[2847,7041],[-57,362],[250,82],[128,169],[259,-183],[93,189],[-31,802],[102,475],[434,-15],[292,-468],[189,-113],[249,94],[244,-97],[29,-145],[481,-463]],[[6431,7591],[373,-496],[192,149],[188,-83],[274,109]],[[7458,7270],[-538,-1155],[246,-424],[770,-505]],[[7936,5186],[-246,-187],[29,-307],[-237,-178],[-274,140],[-191,258],[-267,46],[-178,211],[-224,-207],[-316,131],[-268,-35],[-96,-260],[-157,-36],[-246,147],[-377,-42],[-508,261],[-37,-150],[-278,44]],[[5509,7730],[388,60],[534,-199]],[[6431,7591],[40,935],[175,16],[136,243],[-176,487],[260,172],[349,-32],[-162,587],[1769,-186],[752,-343],[110,-249],[269,-146],[46,-603],[-307,-271],[34,-79],[-1018,-43],[-3,135],[-623,3],[0,-127],[-156,-8],[0,-136],[-237,-149],[-231,-527]],[[5995,3299],[-308,29],[-22,210],[-364,432],[-266,-123],[-133,93],[-214,-67]],[[7936,5186],[543,-574],[11,-630],[-264,-324],[-411,-141],[-1651,533],[-220,-194],[51,-557]],[[5995,3299],[275,-621],[1168,-1243],[38,-531],[-399,-612],[-515,-292],[-220,103],[-130,791],[-324,559],[-377,-48],[-256,154],[-170,-80],[-190,202],[-615,196]],[[4280,1877],[64,292],[-276,406],[26,160]],[[4280,1877],[-56,-227],[-520,65],[-83,-221],[-447,-175],[-115,209],[-509,309],[-181,-173],[-12,-430],[-193,-51],[-99,86],[-197,-64],[-246,40],[-56,122],[-285,-7],[-73,224],[-400,348],[-757,-156],[-51,512],[125,303],[473,-21],[154,293],[222,-52],[44,145],[374,68],[-67,361],[61,182],[-138,418],[65,433],[-174,529],[45,229]]],"transform":{"scale":[0.00003228807648980663,0.000024154939453789907],"translate":[128.15986742838865,35.61088094280849]},"objects":{"37570":{"type":"GeometryCollection","geometries":[{"arcs":[[0,1,2,3,4,5,6]],"type":"Polygon","properties":{"base_year":"2024","name":"대가야읍","code":"37570120"}},{"arcs":[[7,-7,8]],"type":"Polygon","properties":{"base_year":"2024","name":"덕곡면","code":"37570310"}},{"arcs":[[9,-1,-8,10]],"type":"Polygon","properties":{"base_year":"2024","name":"운수면","code":"37570320"}},{"arcs":[[11,12,13,-2,-10,14]],"type":"Polygon","properties":{"base_year":"2024","name":"성산면","code":"37570330"}},{"arcs":[[-12,15]],"type":"Polygon","properties":{"base_year":"2024","name":"다산면","code":"37570340"}},{"arcs":[[16,-3,-14,17]],"type":"Polygon","properties":{"base_year":"2024","name":"개진면","code":"37570350"}},{"arcs":[[18,19,-4,-17]],"type":"Polygon","properties":{"base_year":"2024","name":"우곡면","code":"37570360"}},{"arcs":[[-20,20,-5]],"type":"Polygon","properties":{"base_year":"2024","name":"쌍림면","code":"37570370"}}]}}}