{"type":"Topology","arcs":[[[6713,5289],[-223,-126],[-6,-232],[116,-12],[-14,-87],[78,32],[327,-296],[69,-475],[131,-98],[-81,-303],[320,-709],[-12,-360],[368,-762],[30,-352]],[[7816,1509],[-723,384],[-138,289],[-341,219],[-151,227],[-415,-315],[-93,163],[-832,191]],[[5123,2667],[-211,108],[-757,119],[-466,-16],[-52,-75]],[[3637,2803],[-226,323],[-260,132]],[[3151,3258],[450,444],[379,91],[99,447],[-192,256],[50,132],[-60,61],[105,262],[178,158],[7,190],[-95,150],[245,148],[-16,371],[-137,339],[-83,110],[-132,11],[95,104],[51,705],[122,288],[-126,196],[-43,302],[-166,105],[18,462],[136,204]],[[4036,8794],[428,157],[427,-50],[595,193]],[[5486,9094],[34,-409],[-82,-187],[330,-620],[194,-29],[99,100],[377,-242],[-33,-233],[98,-95],[-34,-132],[-165,39],[-22,-335],[242,-174],[-311,-310],[-72,-182],[-278,-205],[-153,-323],[122,-125],[-59,-97],[64,49],[2,-160],[202,-29],[103,149],[310,17],[259,-272]],[[3151,3258],[-178,130],[-320,-20],[-109,78],[-405,-134],[25,-217],[-496,-30],[-88,119]],[[1580,3184],[-108,264],[-325,53],[-67,480],[-220,189],[-206,554],[487,461],[-221,247],[-129,1],[-169,160],[-24,348],[-331,313],[166,192],[98,294],[-218,200],[-51,94],[61,73],[-178,268],[129,144],[-274,172],[123,123],[-26,120],[477,46],[21,211],[280,251],[-154,349],[114,495],[426,248],[403,368],[397,97],[406,-456],[1197,-950],[372,201]],[[5486,9094],[864,7],[691,-365],[537,-146],[1404,-1151],[502,-1],[515,-154],[-535,-632],[-60,13],[50,162],[-135,112],[-8,-407],[-386,-41],[17,-613],[-170,-202],[-313,-65],[-508,312],[-209,231],[-207,-155],[3,-242],[-110,-190],[162,-272],[-270,-87],[-607,81]],[[3637,2803],[-33,-274],[-171,-17],[121,-93],[109,-307],[-227,-90],[-16,-145]],[[3420,1877],[-294,39],[-28,-64],[-105,70],[22,156],[-277,221],[142,220],[-345,-42],[-420,-458]],[[2115,2019],[-309,365],[-326,103],[-222,200],[50,432],[272,65]],[[3420,1877],[230,-110],[1,-143],[128,-101],[-42,-61],[163,-146],[231,-56],[103,-192]],[[4234,1068],[-119,-151],[63,-49],[-617,-715],[-258,-153],[-233,169],[-234,-51],[-270,177],[192,743],[-131,51],[-25,154],[-210,53],[-307,322],[45,196],[76,19],[-91,186]],[[5123,2667],[-69,-49],[30,-117],[-142,-26],[-129,-254],[88,-255],[-342,-51],[4,-201],[-219,-213],[128,-122]],[[4472,1379],[-238,-311]],[[7816,1509],[54,-45],[136,87],[145,-263],[-46,-133],[-391,-128],[-78,82],[-195,2],[-427,-186],[-177,44],[-247,-112],[-602,553],[-602,225],[-237,-4],[-677,-252]]],"transform":{"scale":[0.000020484491893187795,0.000017628945686705534],"translate":[128.55929236734005,35.21710577302485]},"objects":{"38111":{"type":"GeometryCollection","geometries":[{"arcs":[[0,1,2,3,4,5,6]],"type":"Polygon","properties":{"base_year":"2024","name":"동읍","code":"38111110"}},{"arcs":[[-5,7,8]],"type":"Polygon","properties":{"base_year":"2024","name":"북면","code":"38111310"}},{"arcs":[[9,-7]],"type":"Polygon","properties":{"base_year":"2024","name":"대산면","code":"38111320"}},{"arcs":[[-4,10,11,12,-8]],"type":"Polygon","properties":{"base_year":"2024","name":"의창동","code":"38111510"}},{"arcs":[[13,14,-12]],"type":"Polygon","properties":{"base_year":"2024","name":"팔룡동","code":"38111520"}},{"arcs":[[15,16,-14,-11,-3]],"type":"Polygon","properties":{"base_year":"2024","name":"명곡동","code":"38111530"}},{"arcs":[[17,-16,-2]],"type":"Polygon","properties":{"base_year":"2024","name":"봉림동","code":"38111540"}}]}}}